Datetime,Water Level (m)
2026-01-14 06:00:00,-0.23534417
2026-01-14 07:00:00,-0.2541597
2026-01-14 08:00:00,-0.266853
2026-01-14 09:00:00,-0.33241108
2026-01-14 10:00:00,-0.45255473
2026-01-14 11:00:00,-0.5721565
2026-01-14 12:00:00,-0.6648679
2026-01-14 13:00:00,-0.6700238
2026-01-14 14:00:00,-0.4879956
2026-01-14 15:00:00,-0.3105702
2026-01-14 16:00:00,-0.0984718
2026-01-14 17:00:00,0.15348993
2026-01-14 18:00:00,0.34554484
2026-01-14 19:00:00,0.3871431
2026-01-14 20:00:00,0.32455382
2026-01-14 21:00:00,0.16294667
2026-01-14 22:00:00,-0.023470197
2026-01-14 23:00:00,-0.20295003
2026-01-15 00:00:00,-0.34452605
2026-01-15 01:00:00,-0.49457914
2026-01-15 02:00:00,-0.62901396
2026-01-15 03:00:00,-0.66979
2026-01-15 04:00:00,-0.5345943
2026-01-15 05:00:00,-0.35974473
2026-01-15 06:00:00,-0.20584996
2026-01-15 07:00:00,-0.07774628
2026-01-15 08:00:00,-0.09665743
2026-01-15 09:00:00,-0.20333523
2026-01-15 10:00:00,-0.28923777
2026-01-15 11:00:00,-0.40125838
2026-01-15 12:00:00,-0.5282579
2026-01-15 13:00:00,-0.6385102
2026-01-15 14:00:00,-0.6274377
2026-01-15 15:00:00,-0.44101644
2026-01-15 16:00:00,-0.29202366
2026-01-15 17:00:00,-0.07011244
2026-01-15 18:00:00,0.22119181
2026-01-15 19:00:00,0.43456143
2026-01-15 20:00:00,0.47374815
2026-01-15 21:00:00,0.37199953
2026-01-15 22:00:00,0.18538828
2026-01-15 23:00:00,-0.019500306
2026-01-16 00:00:00,-0.20844652
2026-01-16 01:00:00,-0.36514407
2026-01-16 02:00:00,-0.52461475
2026-01-16 03:00:00,-0.6620439
2026-01-16 04:00:00,-0.63716596
2026-01-16 05:00:00,-0.44496563
2026-01-16 06:00:00,-0.2799894
2026-01-16 07:00:00,-0.13652875
2026-01-16 08:00:00,-0.016531842
2026-01-16 09:00:00,-0.097102605
2026-01-16 10:00:00,-0.19358863
2026-01-16 11:00:00,-0.29241094
2026-01-16 12:00:00,-0.42647362
2026-01-16 13:00:00,-0.56313366
2026-01-16 14:00:00,-0.6808706
2026-01-16 15:00:00,-0.64057624
2026-01-16 16:00:00,-0.42290875
2026-01-16 17:00:00,-0.2371397
2026-01-16 18:00:00,0.040153533
2026-01-16 19:00:00,0.36135048
2026-01-16 20:00:00,0.54842466
2026-01-16 21:00:00,0.5229154
2026-01-16 22:00:00,0.35979298
2026-01-16 23:00:00,0.15289217
2026-01-17 00:00:00,-0.06135568
2026-01-17 01:00:00,-0.23670505
2026-01-17 02:00:00,-0.39479068
2026-01-17 03:00:00,-0.5639217
2026-01-17 04:00:00,-0.6787045
2026-01-17 05:00:00,-0.5367255
2026-01-17 06:00:00,-0.30907091
2026-01-17 07:00:00,-0.12563562
2026-01-17 08:00:00,0.040180746
2026-01-17 09:00:00,0.097825475
2026-01-17 10:00:00,-0.0482213
2026-01-17 11:00:00,-0.14582819
2026-01-17 12:00:00,-0.27981633
2026-01-17 13:00:00,-0.43155304
2026-01-17 14:00:00,-0.575955
2026-01-17 15:00:00,-0.6898804
2026-01-17 16:00:00,-0.5635413
2026-01-17 17:00:00,-0.31771573
2026-01-17 18:00:00,-0.07082814
2026-01-17 19:00:00,0.22832449
2026-01-17 20:00:00,0.58014774
2026-01-17 21:00:00,0.6618645
2026-01-17 22:00:00,0.5511305
2026-01-17 23:00:00,0.3412553
2026-01-18 00:00:00,0.11642912
2026-01-18 01:00:00,-0.09469175
2026-01-18 02:00:00,-0.2645994
2026-01-18 03:00:00,-0.43362638
2026-01-18 04:00:00,-0.6067212
2026-01-18 05:00:00,-0.6185118
2026-01-18 06:00:00,-0.3480338
2026-01-18 07:00:00,-0.12961733
2026-01-18 08:00:00,0.062856525
2026-01-18 09:00:00,0.23171443
2026-01-18 10:00:00,0.1448357
2026-01-18 11:00:00,-0.0034914569
2026-01-18 12:00:00,-0.12694642
2026-01-18 13:00:00,-0.2884309
2026-01-18 14:00:00,-0.44634357
2026-01-18 15:00:00,-0.5923756
2026-01-18 16:00:00,-0.68295896
2026-01-18 17:00:00,-0.45584193
2026-01-18 18:00:00,-0.19170776
2026-01-18 19:00:00,0.12690492
2026-01-18 20:00:00,0.4677576
2026-01-18 21:00:00,0.7541666
2026-01-18 22:00:00,0.6999184
2026-01-18 23:00:00,0.51212263
2026-01-19 00:00:00,0.28381133
2026-01-19 01:00:00,0.05145626
2026-01-19 02:00:00,-0.13557222
2026-01-19 03:00:00,-0.30738205
2026-01-19 04:00:00,-0.48907664
2026-01-19 05:00:00,-0.64070743
2026-01-19 06:00:00,-0.48704374
2026-01-19 07:00:00,-0.18363947
2026-01-19 08:00:00,0.033676017
2026-01-19 09:00:00,0.2368559
2026-01-19 10:00:00,0.3140354
2026-01-19 11:00:00,0.13410135
2026-01-19 12:00:00,0.001955168
2026-01-19 13:00:00,-0.16018586
2026-01-19 14:00:00,-0.32581753
2026-01-19 15:00:00,-0.48323438
2026-01-19 16:00:00,-0.6372366
2026-01-19 17:00:00,-0.6514077
2026-01-19 18:00:00,-0.33321378
2026-01-19 19:00:00,-0.049155403
2026-01-19 20:00:00,0.30002916
2026-01-19 21:00:00,0.6847999
2026-01-19 22:00:00,0.79683584
2026-01-19 23:00:00,0.64013046
2026-01-20 00:00:00,0.41442177
2026-01-20 01:00:00,0.18305634
2026-01-20 02:00:00,-0.034109253
2026-01-20 03:00:00,-0.20862721
2026-01-20 04:00:00,-0.38626957
2026-01-20 05:00:00,-0.5753817
2026-01-20 06:00:00,-0.6193457
